{
  "Baseline CNN": {
    "accuracy": 0.9326092322883238,
    "macro_f1": 0.9302081900914484,
    "macro_precision": 0.9308220153073613,
    "macro_recall": 0.9311135254988914
  },
  "ResNet50": {
    "accuracy": 0.9750678844729697,
    "macro_f1": 0.9739601070315915,
    "macro_precision": 0.9755802167491414,
    "macro_recall": 0.9727604828775561
  },
  "ViT-B/16": {
    "accuracy": 0.9876573685509751,
    "macro_f1": 0.9871768273321646,
    "macro_precision": 0.9876632086481475,
    "macro_recall": 0.9867802414387778
  }
}